{
  "model_version": 1,
  "format": "jpeg_header",
  "features": [
    "target_quality",
    "source_quality",
    "nse",
    "subsampling_444",
    "subsampling_422",
    "subsampling_420",
    "progressive",
    "log10_orig_pixels",
    "input_bpp",
    "mean_dqt_luma",
    "std_dqt_luma",
    "mean_dqt_chroma",
    "std_dqt_chroma"
  ],
  "scaler": {
    "mean": [
      65.0,
      85.0,
      1.0,
      0.0,
      0.0,
      1.0,
      0.0,
      5.99688242426815,
      1.536421795622969,
      17.328125,
      10.38322011327096,
      26.03125,
      8.30943000356386
    ],
    "scale": [
      16.95582495781317,
      1.0,
      1.0,
      1.0,
      1.0,
      1.0,
      1.0,
      0.5418406041178033,
      0.6120155100377795,
      1.0,
      1.0,
      1.0,
      1.0
    ]
  },
  "coefficients": {
    "intercept": 1.0410048334625994,
    "betas": [
      0.3523683895538571,
      -2.7755575615628914e-17,
      0.0,
      0.0,
      0.0,
      0.0,
      0.0,
      -0.003889771497614837,
      0.43660258180345674,
      0.0,
      1.4660944651239884e-14,
      0.0,
      -1.8412576270740373e-14
    ]
  },
  "training_envelope": {
    "target_quality": [
      40.0,
      85.0
    ],
    "source_quality": [
      85.0,
      85.0
    ],
    "nse": [
      1.0,
      1.0
    ],
    "subsampling_444": [
      0.0,
      0.0
    ],
    "subsampling_422": [
      0.0,
      0.0
    ],
    "subsampling_420": [
      1.0,
      1.0
    ],
    "progressive": [
      0.0,
      0.0
    ],
    "log10_orig_pixels": [
      5.594631181007343,
      7.20164492923337
    ],
    "input_bpp": [
      0.16770553588867188,
      3.10589599609375
    ],
    "mean_dqt_luma": [
      17.328125,
      17.328125
    ],
    "std_dqt_luma": [
      10.383220113270974,
      10.383220113270974
    ],
    "mean_dqt_chroma": [
      26.03125,
      26.03125
    ],
    "std_dqt_chroma": [
      8.309430003563842,
      8.309430003563842
    ]
  },
  "training_corpus_sha256": "cca8251a4f90055dc3e472d0a14b52909ebf3f3508bdcf69b33e099514122f2e",
  "git_sha": "b33fa6d",
  "fit_environment": {
    "numpy_version": "2.4.4",
    "scipy_version": "1.17.1"
  },
  "created_at": "2026-05-07T15:51:27.325942+00:00"
}