{
  "model_version": 1,
  "format": "png_header",
  "features": [
    "has_alpha",
    "quality",
    "log10_orig_pixels",
    "input_bpp"
  ],
  "scaler": {
    "mean": [
      0.1794871794871795,
      65.0,
      5.7078606486011925,
      9.529372367982205
    ],
    "scale": [
      0.3837597319768143,
      16.95582495781317,
      0.4241477394511103,
      5.719141017544482
    ]
  },
  "coefficients": {
    "intercept": 2.0622577319071165,
    "betas": [
      0.07137803161837566,
      0.28549637016483964,
      -0.09806899939208313,
      1.3401682715027379
    ],
    "knot_q50_beta": 0.0034329028864743525,
    "knot_q70_beta": 0.0249821054892282
  },
  "knot_q50": 50.0,
  "knot_q70": 70.0,
  "training_envelope": {
    "has_alpha": [
      0.0,
      1.0
    ],
    "quality": [
      40.0,
      85.0
    ],
    "log10_orig_pixels": [
      4.214419939295737,
      6.622659904607587
    ],
    "input_bpp": [
      0.16753578186035156,
      18.241739908854168
    ]
  },
  "training_corpus_sha256": "cca8251a4f90055dc3e472d0a14b52909ebf3f3508bdcf69b33e099514122f2e",
  "git_sha": "f2be0bb",
  "fit_environment": {
    "numpy_version": "2.4.4",
    "scipy_version": "1.17.1"
  },
  "created_at": "2026-05-07T15:17:32.912851+00:00"
}