{
  "model_version": 2,
  "format": "png",
  "features": [
    "has_alpha",
    "log10_unique_colors",
    "mean_sobel",
    "edge_density",
    "quality",
    "log10_orig_pixels",
    "input_bpp"
  ],
  "supported_modes": [
    "RGB",
    "RGBA",
    "L",
    "LA",
    "P"
  ],
  "scaler": {
    "mean": [
      0.1794871794871795,
      3.352724888271933,
      119.9057269952236,
      0.638671875,
      65.0,
      5.707860648601195,
      9.529372367982202
    ],
    "scale": [
      0.3837597319768145,
      0.3131453373818386,
      61.96075319726212,
      0.17581333834778157,
      16.95582495781317,
      0.4241477394511104,
      5.719141017544482
    ]
  },
  "coefficients": {
    "intercept": 1.7768917282230474,
    "betas": [
      0.09218017890142713,
      -0.22093042421974662,
      -0.10829938715832696,
      0.2865850205155974,
      0.2854963701648385,
      -0.13797730913264222,
      1.137954692743028
    ],
    "knot_beta": 1.8527342989171187,
    "knot_q50_beta": 0.00343290288647406,
    "knot_q70_beta": 0.024982105489228273
  },
  "knot_log10_unique_colors": 3.3,
  "knot_q50": 50.0,
  "knot_q70": 70.0,
  "training_envelope": {
    "has_alpha": [
      0.0,
      1.0
    ],
    "log10_unique_colors": [
      2.4313637641589874,
      3.591621038213319
    ],
    "mean_sobel": [
      42.58145523071289,
      336.4103088378906
    ],
    "edge_density": [
      0.177001953125,
      0.898193359375
    ],
    "quality": [
      40.0,
      85.0
    ],
    "log10_orig_pixels": [
      4.214419939295737,
      6.622659904607587
    ],
    "input_bpp": [
      0.16753578186035156,
      18.241739908854168
    ]
  },
  "training_corpus_sha256": "cca8251a4f90055dc3e472d0a14b52909ebf3f3508bdcf69b33e099514122f2e",
  "git_sha": "3f677e6",
  "fit_environment": {
    "numpy_version": "2.4.4",
    "scipy_version": "1.17.1"
  },
  "created_at": "2026-05-07T10:17:46.122430+00:00"
}